"EDR140134","140134"
"EDR148512","148512"
"EDR127971","127971-1"
"EDR140148","140148"
"EDR140136","140136"
"EDR148419","148419"
"EDR124976","124976"
"EDR128294","128294"
"EDR127218","127218"
"EDR128583","128583"
"EDR128585","128585"
"EDR128557","128557"
"EDR127973","127973-1"
"EDR127427","127427"
"EDR127417","127417-1"
"EDR127975","127975"
"EDR127972","127972"
"EDR127977","127977"
"EDR128060","128060-1"
"EDR127411","127411-1"
"EDR127812","127812"
"EDR127423","127423"
"EDR127413","127413"
"EDR128747","128747"
"EDR128563","128563"
"EDR128748","128748"
"EDR128746","128746"
"EDR128756","128756"
"EDR128291","128291"
"EDR128293","128293"
"EDR128769","128769"
"EDR128734","128734-1"
"EDR128778","128778"
"EDR128779","128779"
"EDR128290","128290"
"EDR127405","127405"
"EDR128733","128733"
"EDR128734","128734"
"EDR148675","148675"
"EDR144354","144354"
"EDR144354","144354-1"
"EDR143634","143634"
"EDR143634","143634-1"
"EDR144347","144347"
"EDR144348","144348"
"EDR144349","144349"
"EDR144353","144353"
"EDR144356","144356"
"EDR144356","144356-1"
"EDR143814","143814"
"EDR143814","143814-1"
"EDR143815","143815"
"EDR143815","143815-1"
"EDR143832","143832"
"EDR143832","143832-1"
"EDR143634","143634-2"
"EDR143833","143833"
"EDR144514","144514-2"
"EDR143833","143833-2"
"EDR143900","143900"
"EDR144783","144783"
"EDR144783","144783-1"
"EDR143814","143814-2"
"EDR144784","144784"
"EDR145030","145030"
"EDR145032","145032"
"EDR145032","145032-1"
"EDR144514","144514-1"
"EDR145032","145032-2"
"EDR145036","145036"
"EDR145030","145030-1"
"EDR144514","144514-3"
"EDR143815","143815-2"
"EDR143832","143832-2"
"EDR143833","143833-3"
"EDR144783","144783-2"
"EDR144784","144784-1"
"EDR144356","144356-2"
"EDR143636","143636"
"EDR144354","144354-2"
"EDR145771","145771"
"EDR143636","143636-1"
"EDR143636","143636-2"
"EDR145004","145004"
"EDR145005","145005"
"EDR145006","145006"
"EDR145007","145007"
"EDR140195","140195"
"EDR145008","145008"
"EDR145009","145009"
"EDR145765","145765"
"EDR144350","144350"
"EDR145764","145764"
"EDR145766","145766"
"EDR144352","144352"
"EDR145037","145037"
"EDR145037","145037-1"
"EDR147517","147517"
"EDR147519","147519"
"EDR147863","147863"
"EDR147976","147976"
"EDR147976","147976-1"
"EDR148378","148378"
"EDR148380","148380"
"EDR148381","148381"
"EDR148875","148875"
"EDR148875","148875-1"
"EDR147882","147882"
"EDR147882","147882-1"
"EDR148379","148379"
"EDR148876","148876"
"EDR148876","148876-1"
"EDR148877","148877"
"EDR148877","148877-1"
"EDR148878","148878"
"EDR148878","148878-1"
"EDR148879","148879"
"EDR148879","148879-1"
"EDR148880","148880"
"EDR148880","148880-1"
"EDR148882","148882"
"EDR148882","148882-1"
"EDR147686","147686"
"EDR147717","147717"
"EDR147725","147725"
"EDR124973","124973"
"EDR124974","124974"
"EDR124974","124974-1"
"EDR148880","148880-2"
"EDR149140","149140"
"EDR149141","149141"
"EDR149145","149145"
"EDR145941","145941"
"EDR147922","147922"
"EDR148651","148651"
"EDR148652","148652"
"EDR148653","148653"
"EDR148654","148654"
"EDR148829","148829"
"EDR148831","148831"
"EDR149196","149196"
"EDR149160","149160"
"EDR148820","148820"
"EDR145431","145431"
"EDR145436","145436"
"EDR149511","149511"
"EDR149511","149511-1"
"EDR149512","149512"
"EDR149512","149512-1"
"EDR149513","149513"
"EDR149513","149513-1"
"EDR148418","148418"
"EDR148418","148418-1"
"EDR148874","148874"
"EDR148874","148874-1"
"EDR148419","148419-1"
"EDR148419","148419-2"
"EDR148419","148419-3"
"EDR148881","148881"
"EDR148881","148881-1"
"EDR148881","148881-2"
"EDR149046","149046"
"EDR149254","149254"
"EDR148672","148672"
"EDR145437","145437"
"EDR146001","146001"
"EDR146085","146085"
"EDR146086","146086"
"EDR146088","146088"
"EDR146122","146122"
"EDR146123","146123"
"EDR146190","146190"
"EDR148511","148511"
"EDR148515","148515"
"EDR148436","148436"
"EDR149449","149449"
"EDR149450","149450"
"EDR149286","149286"
"EDR149287","149287"
"EDR149343","149343"
"EDR149453","149453"
"EDR145429","145429"
"EDR145430","145430"
"EDR145432","145432"
"EDR145433","145433"
"EDR145438","145438"
"EDR146000","146000"
"EDR147138","147138"
"EDR146087","146087"
"EDR146191","146191"
"EDR146891","146891"
"EDR146892","146892"
"EDR148520","148520"
"EDR148521","148521"
"EDR148523","148523"
"EDR148525","148525"
"EDR148526","148526"
"EDR148527","148527"
"EDR148517","148517"
"EDR149105","149105"
"EDR149106","149106"
"EDR149110","149110"
"EDR149113","149113"
"EDR149115","149115"
"EDR149116","149116"
"EDR149345","149345"
"EDR149452","149452"
"EDR149973","149973"
"EDR149974","149974"
"EDR149975","149975"
"EDR149978","149978"
"EDR149983","149983"
"EDR150009","150009"
"EDR150010","150010"
"EDR150369","150369"
"EDR150370","150370"
"EDR150506","150506"
"EDR150507","150507"
"EDR151037","151037"
"EDR151041","151041"
"EDR151039","151039"
"EDR151042","151042"
"EDR151047","151047"
"EDR151050","151050"
"EDR151051","151051"
"EDR151052","151052"
"EDR151053","151053"
"EDR151061","151061"
"EDR151064","151064"
"EDR151069","151069"
"EDR151070","151070"
"EDR151071","151071"
"EDR151072","151072"
"EDR151059","151059"
"EDR151063","151063"
"EDR151068","151068"
"EDR147139","147139"
"EDR147140","147140"
"EDR148433","148433-2"
"EDR148433","148433-1"
"EDR148434","148434"
"EDR148434","148434-1"
"EDR148432","148432"
"EDR148432","148432-1"
"EDR150507","150507-1"
"EDR150505","150505"
"EDR149174","149174"
"EDR149177","149177"
"EDR147932","147932"
"EDR148730","148730"
"EDR148730","148730-1"
"EDR148730","148730-2"
"EDR148730","148730-3"
"EDR148730","148730-4"
"EDR148731","148731"
"EDR148731","148731-1"
"EDR148731","148731-2"
"EDR148731","148731-3"
"EDR148731","148731-4"
"EDR149031","149031"
"EDR149031","149031-1"
"EDR149031","149031-2"
"EDR149031","149031-3"
"EDR149137","149137"
"EDR149137","149137-1"
"EDR149138","149138"
"EDR149138","149138-1"
"EDR149197","149197"
"EDR149042","149042"
"EDR150188","150188"
"EDR149198","149198"
"EDR150397","150397"
"EDR149403","149403"
"EDR149405","149405"
"EDR149294","149294"
"EDR149292","149292"
"EDR149291","149291"
"EDR149282","149282"
"EDR149282","149282-1"
"EDR149277","149277"
"EDR149210","149210"
"EDR149035","149035"
"EDR149035","149035-1"
"EDR149035","149035-2"
"EDR149035","149035-3"
"EDR149035","149035-4"
"EDR149035","149035-5"
"EDR149034","149034"
"EDR149034","149034-1"
"EDR149034","149034-2"
"EDR140147","140147"
"EDR149146","149146"
"EDR128757","128757"
"EDR128761","128761"
"EDR127847","127847-1"
"EDR145435","145435"
"EDR149451","149451"
"EDR150376","150376"
"EDR150494","150494"
"EDR150500","150500"
"EDR150499","150499"
"EDR150503","150503"
"EDR150504","150504"
"EDR151065","151065"
"EDR151048","151048"
"EDR127420","127420-1"
"EDR127422","127422-1"
"EDR127976","127976-1"
"EDR128059","128059"
"EDR128062","128062-1"
"EDR127809","127809"
"EDR127815","127815"
"EDR127818","127818"
"EDR127827","127827"
"EDR128116","128116"
"EDR128117","128117"
"EDR127155","127155"
"EDR127424","127424"
"EDR127808","127808"
"EDR127790","127790"
"EDR127810","127810"
"EDR127811","127811"
"EDR127813","127813"
"EDR127838","127838"
"EDR128066","128066"
"EDR128067","128067"
"EDR127398","127398"
"EDR128278","128278"
"EDR127152","127152"
"EDR128051","128051"
"EDR151715","151715"
"EDR151757","151757"
"EDR151697","151697"
"EDR151718","151718"
"EDR151714","151714"
"EDR151755","151755"
"EDR151785","151785"
"EDR151807","151807"
"EDR151682","151682"
"EDR151691","151691"
"EDR151687","151687"
"EDR151687","151687-1"
"EDR151687","151687-2"
"EDR151694","151694"
"EDR151790","151790"
"EDR151790","151790-1"
"EDR151707","151707"
"EDR140152","140152"
"EDR142438","142438"
"EDR142439","142439"
"EDR142440","142440"
"EDR142441","142441"
"EDR142442","142442"
"EDR140039","140039"
"EDR140191","140191"
"EDR140980","140980"
"EDR149398","149398"
"EDR150187","150187"
"EDR147857","147857"
"EDR074234","074234"
"EDR148821","148821"
"EDR148671","148671"
"EDR148673","148673"
"EDR148674","148674"
"EDR148682","148682"
"EDR149215","149215"
"EDR149017","149017"
"EDR145434","145434"
"EDR146893","146893"
"EDR147137","147137"
"EDR149104","149104"
"EDR152017","152017"
"EDR150501","150501"
"EDR151026","151026"
"EDR151027","151027"
"EDR154447","154447"
"EDR151877","151877"
"EDR151898","151898"
"EDR154190","154190"
"EDR147158","147158"
"EDR151867","151867"
"EDR151874","151874"
"EDR152929","152929"
"EDR152930","152930"
"EDR147158","147158-1"
"EDR140213","140213"
"EDR151948","151948"
"EDR140254","140254"
"EDR154429","154429"
"EDR152962","152962"
"EDR151868","151868"
"EDR151896","151896"
"EDR140197","140197"
"EDR140200","140200"
"EDR140134","140134-1"
"EDR151897","151897"
"EDR145767","145767"
"EDR145768","145768"
"EDR153111","153111"
"EDR153741","153741"
"EDR154500","154500"
"EDR153740","153740"
"EDR153852","153852"
"EDR154574","154574"
"EDR140191","140191-1"
"EDR153851","153851"
"EDR154189","154189"
"EDR154370","154370"
"EDR154190","154190-1"
"EDR154189","154189-1"
"EDR140251","140251-1"
"EDR140252","140252-1"
"EDR140149","140149-1"
"EDR140221","140221"
"EDR140221","140221-1"
"EDR140206","140206"
"EDR154439","154439-1"
"EDR151890","151890"
"EDR140980","140980-2"
"EDR140983","140983-1"
"EDR140135","140135"
"EDR152964","152964"
"EDR140834","140834"
"EDR140143","140143"
"EDR140055","140055"
"EDR140137","140137"
"EDR140054","140054-1"
"EDR140046","140046"
"EDR151802","151802"
"EDR140140","140140"
"EDR140235","140235"
"EDR142437","142437"
"EDR140131","140131"
"EDR140835","140835"
"EDR140135","140135-1"
"EDR140132","140132"
"EDR140181","140181"
"EDR151874","151874-1"
"EDR140983","140983-2"
"EDR154595","154595"
"EDR140149","140149-2"
"EDR140187","140187"
"EDR140189","140189"
"EDR140192","140192"
"EDR147158","147158-2"
"EDR144784","144784-2"
"EDR140130","140130"
"EDR140130","140130-1"
"EDR140151","140151"
"EDR153000","153000"
"EDR140978","140978"
"EDR140979","140979"
"EDR154429","154429-1"
"EDR154433","154433"
"EDR140980","140980-3"
"EDR140982","140982"
"EDR140127","140127"
"EDR140150","140150"
"EDR145037","145037-2"
"EDR140211","140211"
"EDR153740","153740-1"
"EDR140251","140251-2"
"EDR140252","140252-2"
"EDR153742","153742"
"EDR153743","153743"
"EDR140250","140250"
"EDR154573","154573"
"EDR154437","154437"
"EDR154439","154439-2"
"EDR154440","154440"
"EDR154441","154441"
"EDR154574","154574-1"
"EDR140987","140987"
"EDR154538","154538"
"EDR140147","140147-1"
"EDR151417","151417"
"EDR140050","140050"
"EDR154446","154446"
"EDR140055","140055-1"
"EDR140136","140136-1"
"EDR140149","140149-3"
"EDR140143","140143-1"
"EDR140152","140152-1"
"EDR152964","152964-1"
"EDR140834","140834-1"
"EDR140835","140835-1"
"EDR154574","154574-2"
"EDR140983","140983-3"
"EDR140983","140983-4"
"EDR140980","140980-4"
"EDR151874","151874-2"
"EDR140986","140986-1"
"EDR154590","154590"
"EDR140135","140135-2"
"EDR152963","152963"
"EDR140125","140125"
"EDR154437","154437-1"
"EDR154439","154439-3"
"EDR154440","154440-1"
"EDR154441","154441-1"
"EDR154442","154442"
"EDR140986","140986-2"
"EDR140127","140127-1"
"EDR140127","140127-2"
"EDR140127","140127-3"
"EDR140125","140125-1"
"EDR140125","140125-2"
"EDR140125","140125-3"
"EDR154595","154595-1"
"EDR154595","154595-2"
"EDR154595","154595-3"
"EDR154595","154595-4"
"EDR154574","154574-3"
"EDR154574","154574-4"
"EDR154574","154574-5"
"EDR140987","140987-1"
"EDR140987","140987-2"
"EDR140987","140987-3"
"EDR152964","152964-2"
"EDR152964","152964-3"
"EDR152964","152964-4"
"EDR140166","140166"
"EDR140166","140166-1"
"EDR140166","140166-2"
"EDR140166","140166-3"
"EDR140166","140166-4"
"EDR140166","140166-5"
"EDR140181","140181-1"
"EDR140181","140181-2"
"EDR153000","153000-1"
"EDR153000","153000-2"
"EDR153000","153000-3"
"EDR140978","140978-1"
"EDR140978","140978-2"
"EDR140978","140978-3"
"EDR140978","140978-4"
"EDR140979","140979-1"
"EDR140979","140979-2"
"EDR140979","140979-3"
"EDR140979","140979-4"
"EDR154429","154429-2"
"EDR154429","154429-3"
"EDR154429","154429-4"
"EDR154433","154433-1"
"EDR154433","154433-2"
"EDR154433","154433-3"
"EDR140980","140980-5"
"EDR140980","140980-6"
"EDR140980","140980-7"
"EDR140980","140980-8"
"EDR140982","140982-1"
"EDR140982","140982-2"
"EDR140982","140982-3"
"EDR140983","140983-5"
"EDR140983","140983-6"
"EDR140983","140983-7"
"EDR140983","140983-8"
"EDR140986","140986-3"
"EDR140986","140986-4"
"EDR140986","140986-5"
"EDR140986","140986-6"
"EDR140130","140130-2"
"EDR140130","140130-3"
"EDR140130","140130-4"
"EDR140130","140130-5"
"EDR140130","140130-6"
"EDR140130","140130-7"
"EDR154590","154590-1"
"EDR154590","154590-2"
"EDR154590","154590-3"
"EDR140131","140131-1"
"EDR140131","140131-2"
"EDR140131","140131-3"
"EDR144356","144356-3"
"EDR144356","144356-4"
"EDR151865","151865"
"EDR144354","144354-3"
"EDR124977","124977"
"EDR124978","124978"
"EDR147688","147688"
"EDR159669","159669"
"EDR158840","158840"
"EDR159667","159667"
"EDR159667","159667-1"
"EDR159558","159558"
"EDR159412","159412"
"EDR159408","159408"
"EDR158850","158850"
"EDR158849","158849"
"EDR140137","140137-1"
